<?xml version="1.0" encoding="UTF-8" standalone="no"?>
<!-- Generated 29 ene 2024 20:56:30 by Hibernate Tools 5.4.33.Final --><!DOCTYPE hibernate-mapping PUBLIC "-//Hibernate/Hibernate Mapping DTD 3.0//EN" "http://www.hibernate.org/dtd/hibernate-mapping-3.0.dtd">
<hibernate-mapping>
    <class catalog="censo_europa" name="persistencias.Cantantes" optimistic-lock="none" table="cantantes">
        <id name="pais" type="string">
            <column length="20" name="PAIS"/>
            <generator class="assigned"/>
        </id>
        <property name="nombre" type="string">
            <column length="20" name="NOMBRE" not-null="true">
                <comment>Nombre del cantante</comment>
            </column>
        </property>
        <property name="nombreCancion" type="string">
            <column length="100" name="NOMBRE_CANCION">
                <comment>Nombre de la cancion que presenta</comment>
            </column>
        </property>
    </class>
</hibernate-mapping>
