<?xml version="1.0" encoding="UTF-8" standalone="no"?>
<!-- Generated 29 ene 2024 20:56:30 by Hibernate Tools 5.4.33.Final --><!DOCTYPE hibernate-mapping PUBLIC "-//Hibernate/Hibernate Mapping DTD 3.0//EN" "http://www.hibernate.org/dtd/hibernate-mapping-3.0.dtd">
<hibernate-mapping>
    <class catalog="censo_europa" name="persistencias.PorcentajesRangoedad" optimistic-lock="none" table="porcentajes_rangoedad">
        <id name="nombrePais" type="string">
            <column length="30" name="NOMBRE_PAIS"/>
            <generator class="assigned"/>
        </id>
        <property name="rango19" type="int">
            <column name="RANGO_1_9" not-null="true">
                <comment>Porcentaje de habitantes cuya edad esta comprendida entre 1 y 9 anios</comment>
            </column>
        </property>
        <property name="rango1017" type="int">
            <column name="RANGO_10_17" not-null="true">
                <comment>Porcentaje de habitantes cuya edad esta comprendida entre 10 y 17 anios</comment>
            </column>
        </property>
        <property name="rango1825" type="int">
            <column name="RANGO_18_25" not-null="true">
                <comment>Porcentaje de habitantes cuya edad esta comprendida entre 18 y 25 anios</comment>
            </column>
        </property>
        <property name="rango2640" type="int">
            <column name="RANGO_26_40" not-null="true">
                <comment>Porcentaje de habitantes cuya edad esta comprendida entre 26 y 40 anios</comment>
            </column>
        </property>
        <property name="rango4165" type="int">
            <column name="RANGO_41_65" not-null="true">
                <comment>Porcentaje de habitantes cuya edad esta comprendida entre 41 y 65 anios</comment>
            </column>
        </property>
        <property name="rangoMas66" type="int">
            <column name="RANGO_MAS_66" not-null="true">
                <comment>Porcentaje de habitantes cuya edad es superior o igual a 66 anios</comment>
            </column>
        </property>
        <property name="totalHabitantes" type="int">
            <column name="TOTAL_HABITANTES" not-null="true">
                <comment>Numero total de habitantes que tiene el pais</comment>
            </column>
        </property>
    </class>
</hibernate-mapping>
