<?xml version="1.0" encoding="UTF-8" standalone="no"?>
<!-- Generated 29 ene 2024 20:56:30 by Hibernate Tools 5.4.33.Final --><!DOCTYPE hibernate-mapping PUBLIC "-//Hibernate/Hibernate Mapping DTD 3.0//EN" "http://www.hibernate.org/dtd/hibernate-mapping-3.0.dtd">
<hibernate-mapping>
    <class catalog="censo_europa" name="persistencias.ResultadosEurovision" optimistic-lock="none" table="resultados_eurovision">
        <id name="idResultadosEurovision" type="int">
            <column name="ID_RESULTADOS_EUROVISION"/>
            <generator class="assigned"/>
        </id>
        <property name="fechaGala" type="date">
            <column length="10" name="FECHA_GALA">
                <comment>Fecha de la Gala de Eurovision</comment>
            </column>
        </property>
        <property name="espania" type="java.lang.Integer">
            <column name="ESPANIA">
                <comment>Puntacion final de Espania</comment>
            </column>
        </property>
        <property name="alemania" type="java.lang.Integer">
            <column name="ALEMANIA">
                <comment>Puntacion final de Alemania</comment>
            </column>
        </property>
        <property name="francia" type="java.lang.Integer">
            <column name="FRANCIA">
                <comment>Puntacion final de Francia</comment>
            </column>
        </property>
        <property name="italia" type="java.lang.Integer">
            <column name="ITALIA">
                <comment>Puntacion final de Italia</comment>
            </column>
        </property>
        <property name="portugal" type="java.lang.Integer">
            <column name="PORTUGAL">
                <comment>Puntacion final de Portugal</comment>
            </column>
        </property>
        <property name="reinoUnido" type="java.lang.Integer">
            <column name="REINO_UNIDO">
                <comment>Puntacion final de Reino Unido</comment>
            </column>
        </property>
        <property name="polonia" type="java.lang.Integer">
            <column name="POLONIA">
                <comment>Puntacion final de Polonia</comment>
            </column>
        </property>
        <property name="paisesBajos" type="java.lang.Integer">
            <column name="PAISES_BAJOS">
                <comment>Puntacion final de Paises Bajos</comment>
            </column>
        </property>
        <property name="rumania" type="java.lang.Integer">
            <column name="RUMANIA">
                <comment>Puntacion final de Rumania</comment>
            </column>
        </property>
        <property name="grecia" type="java.lang.Integer">
            <column name="GRECIA">
                <comment>Puntacion final de Grecia</comment>
            </column>
        </property>
        <property name="paisGanador" type="string">
            <column length="20" name="PAIS_GANADOR">
                <comment>Nombre del pais ganador</comment>
            </column>
        </property>
    </class>
</hibernate-mapping>
