<?xml version="1.0" encoding="UTF-8" standalone="no"?>
<!-- Generated 29 ene 2024 20:56:30 by Hibernate Tools 5.4.33.Final --><!DOCTYPE hibernate-mapping PUBLIC "-//Hibernate/Hibernate Mapping DTD 3.0//EN" "http://www.hibernate.org/dtd/hibernate-mapping-3.0.dtd">
<hibernate-mapping>
    <class catalog="censo_europa" name="persistencias.ResultadosFaseNacional" optimistic-lock="none" table="resultados_fase_nacional">
        <id name="pais" type="string">
            <column length="20" name="PAIS"/>
            <generator class="assigned"/>
        </id>
        <property name="cantanteTercero" type="string">
            <column length="20" name="CANTANTE_TERCERO">
                <comment>Nombre del cantante que votan como tercero con 8 puntos</comment>
            </column>
        </property>
        <property name="cantanteSegundo" type="string">
            <column length="20" name="CANTANTE_SEGUNDO">
                <comment>Nombre del cantante que votan como segundo con 10 puntos</comment>
            </column>
        </property>
        <property name="cantantePrimero" type="string">
            <column length="20" name="CANTANTE_PRIMERO">
                <comment>Nombre del cantante que votan como primero con 15 puntos</comment>
            </column>
        </property>
    </class>
</hibernate-mapping>
