<?xml version="1.0" encoding="UTF-8"?>
<!DOCTYPE hibernate-configuration PUBLIC
		"-//Hibernate/Hibernate Configuration DTD 3.0//EN"
		"http://www.hibernate.org/dtd/hibernate-configuration-3.0.dtd">
<hibernate-configuration>
	<session-factory>
		<property name="hibernate.bytecode.use_reflection_optimizer">false</property>
		<property name="hibernate.connection.autocommit">false</property>
		<property name="hibernate.connection.driver_class">com.mysql.jdbc.Driver</property>
		<property name="hibernate.connection.password">root</property>
		<property name="hibernate.connection.url">jdbc:mysql://localhost:3306/censo_europa?serverTimezone=UTC</property>
		<property name="hibernate.connection.username">root</property>
		<property name="hibernate.dialect">org.hibernate.dialect.MySQLDialect</property>
		<property name="hibernate.search.autoregister_listeners">true</property>
		<property name="hibernate.validator.apply_to_ddl">false</property>
		<property name="hibernate.current_session_context_class">thread</property>
		<property name="hibernate.show_sql">true</property>
		<mapping resource="persistencias/Cantantes.hbm.xml" />
		<mapping resource="persistencias/PorcentajesRangoedad.hbm.xml" />
		<mapping resource="persistencias/ResultadosEurovision.hbm.xml" />
		<mapping resource="persistencias/ResultadosFaseNacional.hbm.xml" />
	</session-factory>
</hibernate-configuration>